{"M": [0.0024523721484838745, 0.0003404974016889481, 27.96936196192741, 4.659817013223101, 34.966878010662924, 5.933279839434943], "F": [0.0023100417815566494, 0.0003688709670570599, 22.240762492771655, 3.732993168620974, 27.801852122690033, 4.749654788676276]}